date,time_uk,event,kind,weight,forecast,actual,surprise,surprise_label,asset,before,m15,m1h,close,move_1h,pct_15m,pct_1h,pct_close,persistence
2026-09-10,13:30,Core PPI m/m,event,6,0.3%,,,,gold,4384.0,4391.3,4405.3,4358.5,21.3,0.167,0.486,-0.582,faded
2026-09-10,13:30,Core PPI m/m,event,6,0.3%,,,,oil,100.39,100.11,99.68,103.93,-0.71,-0.279,-0.707,3.526,faded
2026-09-10,13:30,Core PPI m/m,event,6,0.3%,,,,dollar,99.156,99.069,99.054,99.082,-0.102,-0.088,-0.103,-0.075,sustained
2026-09-10,13:30,Core PPI m/m,event,6,0.3%,,,,us10y,4.897,4.904,4.918,4.944,0.021,0.143,0.429,0.96,sustained
2026-09-10,13:30,Core PPI m/m,event,6,0.3%,,,,silver,65.105,64.795,65.18,64.09,0.075,-0.476,0.115,-1.559,faded
2026-09-10,13:30,Core PPI m/m,event,6,0.3%,,,,copper,6.5585,6.5815,6.576,6.526,0.0175,0.351,0.267,-0.496,faded
2026-09-10,13:30,Core PPI m/m,event,6,0.3%,,,,bitcoin,77356.0,77003.0,76904.0,77145.0,-452.0,-0.456,-0.584,-0.273,partial
2026-09-10,13:30,Core PPI m/m,event,6,0.3%,,,,eurusd,1.1604,1.1612,1.1613,1.1613,0.0009,0.07,0.081,0.081,sustained
2026-09-10,13:30,Core PPI m/m,event,6,0.3%,,,,usdjpy,154.632,154.363,154.174,154.369,-0.458,-0.174,-0.296,-0.17,partial
2026-09-10,13:30,Core PPI m/m,event,6,0.3%,,,,vix,17.51,17.66,17.72,17.84,0.21,0.857,1.199,1.885,sustained
2026-09-10,13:30,PPI m/m,event,6,0.4%,,,,gold,4384.0,4391.3,4405.3,4358.5,21.3,0.167,0.486,-0.582,faded
2026-09-10,13:30,PPI m/m,event,6,0.4%,,,,oil,100.39,100.11,99.68,103.93,-0.71,-0.279,-0.707,3.526,faded
2026-09-10,13:30,PPI m/m,event,6,0.4%,,,,dollar,99.156,99.069,99.054,99.082,-0.102,-0.088,-0.103,-0.075,sustained
2026-09-10,13:30,PPI m/m,event,6,0.4%,,,,us10y,4.897,4.904,4.918,4.944,0.021,0.143,0.429,0.96,sustained
2026-09-10,13:30,PPI m/m,event,6,0.4%,,,,silver,65.105,64.795,65.18,64.09,0.075,-0.476,0.115,-1.559,faded
2026-09-10,13:30,PPI m/m,event,6,0.4%,,,,copper,6.5585,6.5815,6.576,6.526,0.0175,0.351,0.267,-0.496,faded
2026-09-10,13:30,PPI m/m,event,6,0.4%,,,,bitcoin,77356.0,77003.0,76904.0,77145.0,-452.0,-0.456,-0.584,-0.273,partial
2026-09-10,13:30,PPI m/m,event,6,0.4%,,,,eurusd,1.1604,1.1612,1.1613,1.1613,0.0009,0.07,0.081,0.081,sustained
2026-09-10,13:30,PPI m/m,event,6,0.4%,,,,usdjpy,154.632,154.363,154.174,154.369,-0.458,-0.174,-0.296,-0.17,partial
2026-09-10,13:30,PPI m/m,event,6,0.4%,,,,vix,17.51,17.66,17.72,17.84,0.21,0.857,1.199,1.885,sustained
2026-09-10,13:30,Unemployment Claims,event,4,205K,,,,gold,4384.0,4391.3,4405.3,4358.5,21.3,0.167,0.486,-0.582,faded
2026-09-10,13:30,Unemployment Claims,event,4,205K,,,,oil,100.39,100.11,99.68,103.93,-0.71,-0.279,-0.707,3.526,faded
2026-09-10,13:30,Unemployment Claims,event,4,205K,,,,dollar,99.156,99.069,99.054,99.082,-0.102,-0.088,-0.103,-0.075,sustained
2026-09-10,13:30,Unemployment Claims,event,4,205K,,,,us10y,4.897,4.904,4.918,4.944,0.021,0.143,0.429,0.96,sustained
2026-09-10,13:30,Unemployment Claims,event,4,205K,,,,silver,65.105,64.795,65.18,64.09,0.075,-0.476,0.115,-1.559,faded
2026-09-10,13:30,Unemployment Claims,event,4,205K,,,,copper,6.5585,6.5815,6.576,6.526,0.0175,0.351,0.267,-0.496,faded
2026-09-10,13:30,Unemployment Claims,event,4,205K,,,,bitcoin,77356.0,77003.0,76904.0,77145.0,-452.0,-0.456,-0.584,-0.273,partial
2026-09-10,13:30,Unemployment Claims,event,4,205K,,,,eurusd,1.1604,1.1612,1.1613,1.1613,0.0009,0.07,0.081,0.081,sustained
2026-09-10,13:30,Unemployment Claims,event,4,205K,,,,usdjpy,154.632,154.363,154.174,154.369,-0.458,-0.174,-0.296,-0.17,partial
2026-09-10,13:30,Unemployment Claims,event,4,205K,,,,vix,17.51,17.66,17.72,17.84,0.21,0.857,1.199,1.885,sustained
2026-09-11,13:30,Core CPI m/m,event,10,0.2%,,,,gold,4370.5,4403.5,4437.1,4390.0,66.6,0.755,1.524,0.446,faded
2026-09-11,13:30,Core CPI m/m,event,10,0.2%,,,,oil,99.16,99.73,98.78,99.99,-0.38,0.575,-0.383,0.837,faded
2026-09-11,13:30,Core CPI m/m,event,10,0.2%,,,,dollar,99.244,99.116,99.043,99.095,-0.201,-0.129,-0.203,-0.15,sustained
2026-09-11,13:30,Core CPI m/m,event,10,0.2%,,,,us10y,4.955,4.942,4.914,4.975,-0.041,-0.262,-0.827,0.404,faded
2026-09-11,13:30,Core CPI m/m,event,10,0.2%,,,,silver,64.26,65.11,65.57,65.02,1.31,1.323,2.039,1.183,partial
2026-09-11,13:30,Core CPI m/m,event,10,0.2%,,,,copper,6.5165,6.542,6.5575,6.557,0.041,0.391,0.629,0.622,sustained
2026-09-11,13:30,Core CPI m/m,event,10,0.2%,,,,bitcoin,77106.0,77826.0,77486.0,77341.0,380.0,0.934,0.493,0.305,sustained
2026-09-11,13:30,Core CPI m/m,event,10,0.2%,,,,eurusd,1.1589,1.16,1.1608,1.1602,0.0019,0.093,0.163,0.116,sustained
2026-09-11,13:30,Core CPI m/m,event,10,0.2%,,,,usdjpy,154.123,153.722,153.452,153.554,-0.671,-0.26,-0.435,-0.369,sustained
2026-09-11,13:30,Core CPI m/m,event,10,0.2%,,,,vix,16.83,16.33,15.79,15.84,-1.04,-2.971,-6.179,-5.882,sustained
2026-09-11,13:30,Core CPI y/y,event,10,2.4%,,,,gold,4370.5,4403.5,4437.1,4390.0,66.6,0.755,1.524,0.446,faded
2026-09-11,13:30,Core CPI y/y,event,10,2.4%,,,,oil,99.16,99.73,98.78,99.99,-0.38,0.575,-0.383,0.837,faded
2026-09-11,13:30,Core CPI y/y,event,10,2.4%,,,,dollar,99.244,99.116,99.043,99.095,-0.201,-0.129,-0.203,-0.15,sustained
2026-09-11,13:30,Core CPI y/y,event,10,2.4%,,,,us10y,4.955,4.942,4.914,4.975,-0.041,-0.262,-0.827,0.404,faded
2026-09-11,13:30,Core CPI y/y,event,10,2.4%,,,,silver,64.26,65.11,65.57,65.02,1.31,1.323,2.039,1.183,partial
2026-09-11,13:30,Core CPI y/y,event,10,2.4%,,,,copper,6.5165,6.542,6.5575,6.557,0.041,0.391,0.629,0.622,sustained
2026-09-11,13:30,Core CPI y/y,event,10,2.4%,,,,bitcoin,77106.0,77826.0,77486.0,77341.0,380.0,0.934,0.493,0.305,sustained
2026-09-11,13:30,Core CPI y/y,event,10,2.4%,,,,eurusd,1.1589,1.16,1.1608,1.1602,0.0019,0.093,0.163,0.116,sustained
2026-09-11,13:30,Core CPI y/y,event,10,2.4%,,,,usdjpy,154.123,153.722,153.452,153.554,-0.671,-0.26,-0.435,-0.369,sustained
2026-09-11,13:30,Core CPI y/y,event,10,2.4%,,,,vix,16.83,16.33,15.79,15.84,-1.04,-2.971,-6.179,-5.882,sustained
2026-09-11,13:30,CPI m/m,event,10,0.4%,,,,gold,4370.5,4403.5,4437.1,4390.0,66.6,0.755,1.524,0.446,faded
2026-09-11,13:30,CPI m/m,event,10,0.4%,,,,oil,99.16,99.73,98.78,99.99,-0.38,0.575,-0.383,0.837,faded
2026-09-11,13:30,CPI m/m,event,10,0.4%,,,,dollar,99.244,99.116,99.043,99.095,-0.201,-0.129,-0.203,-0.15,sustained
2026-09-11,13:30,CPI m/m,event,10,0.4%,,,,us10y,4.955,4.942,4.914,4.975,-0.041,-0.262,-0.827,0.404,faded
2026-09-11,13:30,CPI m/m,event,10,0.4%,,,,silver,64.26,65.11,65.57,65.02,1.31,1.323,2.039,1.183,partial
2026-09-11,13:30,CPI m/m,event,10,0.4%,,,,copper,6.5165,6.542,6.5575,6.557,0.041,0.391,0.629,0.622,sustained
2026-09-11,13:30,CPI m/m,event,10,0.4%,,,,bitcoin,77106.0,77826.0,77486.0,77341.0,380.0,0.934,0.493,0.305,sustained
2026-09-11,13:30,CPI m/m,event,10,0.4%,,,,eurusd,1.1589,1.16,1.1608,1.1602,0.0019,0.093,0.163,0.116,sustained
2026-09-11,13:30,CPI m/m,event,10,0.4%,,,,usdjpy,154.123,153.722,153.452,153.554,-0.671,-0.26,-0.435,-0.369,sustained
2026-09-11,13:30,CPI m/m,event,10,0.4%,,,,vix,16.83,16.33,15.79,15.84,-1.04,-2.971,-6.179,-5.882,sustained
2026-09-11,13:30,CPI y/y,event,10,3.4%,,,,gold,4370.5,4403.5,4437.1,4390.0,66.6,0.755,1.524,0.446,faded
2026-09-11,13:30,CPI y/y,event,10,3.4%,,,,oil,99.16,99.73,98.78,99.99,-0.38,0.575,-0.383,0.837,faded
2026-09-11,13:30,CPI y/y,event,10,3.4%,,,,dollar,99.244,99.116,99.043,99.095,-0.201,-0.129,-0.203,-0.15,sustained
2026-09-11,13:30,CPI y/y,event,10,3.4%,,,,us10y,4.955,4.942,4.914,4.975,-0.041,-0.262,-0.827,0.404,faded
2026-09-11,13:30,CPI y/y,event,10,3.4%,,,,silver,64.26,65.11,65.57,65.02,1.31,1.323,2.039,1.183,partial
2026-09-11,13:30,CPI y/y,event,10,3.4%,,,,copper,6.5165,6.542,6.5575,6.557,0.041,0.391,0.629,0.622,sustained
2026-09-11,13:30,CPI y/y,event,10,3.4%,,,,bitcoin,77106.0,77826.0,77486.0,77341.0,380.0,0.934,0.493,0.305,sustained
2026-09-11,13:30,CPI y/y,event,10,3.4%,,,,eurusd,1.1589,1.16,1.1608,1.1602,0.0019,0.093,0.163,0.116,sustained
2026-09-11,13:30,CPI y/y,event,10,3.4%,,,,usdjpy,154.123,153.722,153.452,153.554,-0.671,-0.26,-0.435,-0.369,sustained
2026-09-11,13:30,CPI y/y,event,10,3.4%,,,,vix,16.83,16.33,15.79,15.84,-1.04,-2.971,-6.179,-5.882,sustained
2026-09-11,15:00,Prelim UoM Inflation Expectations,event,4,,,,,gold,4432.4,4424.8,4412.6,4390.0,-19.8,-0.171,-0.447,-0.957,sustained
2026-09-11,15:00,Prelim UoM Inflation Expectations,event,4,,,,,sp500,7668.12,7670.43,7659.6,7656.98,-8.52,0.03,-0.111,-0.145,sustained
2026-09-11,15:00,Prelim UoM Inflation Expectations,event,4,,,,,nasdaq,29370.14,29410.69,29370.51,29368.44,0.37,0.138,0.001,-0.006,
2026-09-11,15:00,Prelim UoM Inflation Expectations,event,4,,,,,oil,98.96,99.51,99.67,99.99,0.71,0.556,0.717,1.041,sustained
2026-09-11,15:00,Prelim UoM Inflation Expectations,event,4,,,,,dollar,98.985,98.996,99.023,99.095,0.038,0.011,0.038,0.111,
2026-09-11,15:00,Prelim UoM Inflation Expectations,event,4,,,,,us10y,4.93,4.928,4.938,4.975,0.008,-0.041,0.162,0.913,sustained
2026-09-11,15:00,Prelim UoM Inflation Expectations,event,4,,,,,silver,65.515,65.405,65.0,65.02,-0.515,-0.168,-0.786,-0.756,sustained
2026-09-11,15:00,Prelim UoM Inflation Expectations,event,4,,,,,copper,6.562,6.5615,6.5585,6.557,-0.0035,-0.008,-0.053,-0.076,sustained
2026-09-11,15:00,Prelim UoM Inflation Expectations,event,4,,,,,bitcoin,79502.0,79144.0,78645.0,77341.0,-857.0,-0.451,-1.078,-2.719,sustained
2026-09-11,15:00,Prelim UoM Inflation Expectations,event,4,,,,,eurusd,1.1614,1.1614,1.1614,1.1602,0.0,0.0,0.0,-0.104,
2026-09-11,15:00,Prelim UoM Inflation Expectations,event,4,,,,,usdjpy,153.436,153.442,153.535,153.554,0.099,0.004,0.065,0.077,sustained
2026-09-11,15:00,Prelim UoM Inflation Expectations,event,4,,,,,vix,15.94,15.83,15.99,15.84,0.05,-0.69,0.314,-0.627,faded
2026-09-15,15:00,Treasury Sec Bessent Speaks,event,4,,,,,gold,4334.7,4334.0,4322.8,4333.4,-11.9,-0.016,-0.275,-0.03,faded
2026-09-15,15:00,Treasury Sec Bessent Speaks,event,4,,,,,sp500,7601.1,7592.94,7582.56,7585.73,-18.54,-0.107,-0.244,-0.202,sustained
2026-09-15,15:00,Treasury Sec Bessent Speaks,event,4,,,,,nasdaq,29094.02,29048.49,28976.43,28937.84,-117.59,-0.156,-0.404,-0.537,sustained
2026-09-15,15:00,Treasury Sec Bessent Speaks,event,4,,,,,oil,103.5,103.54,104.62,105.48,1.12,0.039,1.082,1.913,sustained
2026-09-15,15:00,Treasury Sec Bessent Speaks,event,4,,,,,dollar,99.584,99.574,99.602,99.651,0.018,-0.01,0.018,0.067,
2026-09-15,15:00,Treasury Sec Bessent Speaks,event,4,,,,,us10y,5.006,5.008,5.0,4.996,-0.006,0.04,-0.12,-0.2,sustained
2026-09-15,15:00,Treasury Sec Bessent Speaks,event,4,,,,,silver,64.195,64.1,63.735,64.185,-0.46,-0.148,-0.717,-0.016,faded
2026-09-15,15:00,Treasury Sec Bessent Speaks,event,4,,,,,copper,6.4325,6.432,6.418,6.459,-0.0145,-0.008,-0.225,0.412,faded
2026-09-15,15:00,Treasury Sec Bessent Speaks,event,4,,,,,bitcoin,76398.0,76322.0,75980.0,75537.0,-418.0,-0.099,-0.547,-1.127,sustained
2026-09-15,15:00,Treasury Sec Bessent Speaks,event,4,,,,,eurusd,1.155,1.1551,1.1547,1.1542,-0.0003,0.012,-0.023,-0.069,
2026-09-15,15:00,Treasury Sec Bessent Speaks,event,4,,,,,usdjpy,155.031,154.99,155.05,155.097,0.019,-0.026,0.012,0.043,
2026-09-15,15:00,Treasury Sec Bessent Speaks,event,4,,,,,vix,17.05,17.34,17.68,17.2,0.63,1.701,3.695,0.88,faded
2026-09-16,13:30,Core Retail Sales m/m,event,6,0.6%,,,,gold,4382.1,4387.2,4389.8,4302.5,7.7,0.116,0.176,-1.816,faded
2026-09-16,13:30,Core Retail Sales m/m,event,6,0.6%,,,,oil,103.72,103.66,103.73,102.02,0.01,-0.058,0.01,-1.639,
2026-09-16,13:30,Core Retail Sales m/m,event,6,0.6%,,,,dollar,99.71,99.689,99.698,100.325,-0.012,-0.021,-0.012,0.617,
2026-09-16,13:30,Core Retail Sales m/m,event,6,0.6%,,,,us10y,4.977,4.977,4.971,5.006,-0.006,0.0,-0.121,0.583,faded
2026-09-16,13:30,Core Retail Sales m/m,event,6,0.6%,,,,silver,65.165,65.25,65.03,63.42,-0.135,0.13,-0.207,-2.678,sustained
2026-09-16,13:30,Core Retail Sales m/m,event,6,0.6%,,,,copper,6.5155,6.509,6.4965,6.4415,-0.019,-0.1,-0.292,-1.136,sustained
2026-09-16,13:30,Core Retail Sales m/m,event,6,0.6%,,,,bitcoin,75950.0,75963.0,75586.0,75888.0,-364.0,0.017,-0.479,-0.081,faded
2026-09-16,13:30,Core Retail Sales m/m,event,6,0.6%,,,,eurusd,1.1538,1.1541,1.1542,1.1465,0.0004,0.023,0.035,-0.631,
2026-09-16,13:30,Core Retail Sales m/m,event,6,0.6%,,,,usdjpy,155.147,155.132,155.243,156.191,0.096,-0.01,0.062,0.673,sustained
2026-09-16,13:30,Core Retail Sales m/m,event,6,0.6%,,,,vix,16.79,16.63,16.84,17.71,0.05,-0.953,0.298,5.479,sustained
2026-09-16,13:30,Retail Sales m/m,event,6,0.8%,,,,gold,4382.1,4387.2,4389.8,4302.5,7.7,0.116,0.176,-1.816,faded
2026-09-16,13:30,Retail Sales m/m,event,6,0.8%,,,,oil,103.72,103.66,103.73,102.02,0.01,-0.058,0.01,-1.639,
2026-09-16,13:30,Retail Sales m/m,event,6,0.8%,,,,dollar,99.71,99.689,99.698,100.325,-0.012,-0.021,-0.012,0.617,
2026-09-16,13:30,Retail Sales m/m,event,6,0.8%,,,,us10y,4.977,4.977,4.971,5.006,-0.006,0.0,-0.121,0.583,faded
2026-09-16,13:30,Retail Sales m/m,event,6,0.8%,,,,silver,65.165,65.25,65.03,63.42,-0.135,0.13,-0.207,-2.678,sustained
2026-09-16,13:30,Retail Sales m/m,event,6,0.8%,,,,copper,6.5155,6.509,6.4965,6.4415,-0.019,-0.1,-0.292,-1.136,sustained
2026-09-16,13:30,Retail Sales m/m,event,6,0.8%,,,,bitcoin,75950.0,75963.0,75586.0,75888.0,-364.0,0.017,-0.479,-0.081,faded
2026-09-16,13:30,Retail Sales m/m,event,6,0.8%,,,,eurusd,1.1538,1.1541,1.1542,1.1465,0.0004,0.023,0.035,-0.631,
2026-09-16,13:30,Retail Sales m/m,event,6,0.8%,,,,usdjpy,155.147,155.132,155.243,156.191,0.096,-0.01,0.062,0.673,sustained
2026-09-16,13:30,Retail Sales m/m,event,6,0.8%,,,,vix,16.79,16.63,16.84,17.71,0.05,-0.953,0.298,5.479,sustained
2026-09-16,19:00,Federal Funds Rate,event,10,4.00%,,,,gold,4366.5,4360.3,4313.3,4302.5,-53.2,-0.142,-1.218,-1.466,sustained
2026-09-16,19:00,Federal Funds Rate,event,10,4.00%,,,,sp500,7613.3,7611.68,7558.83,7551.81,-54.47,-0.021,-0.715,-0.808,sustained
2026-09-16,19:00,Federal Funds Rate,event,10,4.00%,,,,nasdaq,29198.69,29161.38,28969.1,28945.06,-229.59,-0.128,-0.786,-0.869,sustained
2026-09-16,19:00,Federal Funds Rate,event,10,4.00%,,,,oil,102.29,102.16,102.53,102.02,0.24,-0.127,0.235,-0.264,faded
2026-09-16,19:00,Federal Funds Rate,event,10,4.00%,,,,dollar,99.855,99.965,100.18,100.325,0.325,0.11,0.325,0.471,sustained
2026-09-16,19:00,Federal Funds Rate,event,10,4.00%,,,,us10y,4.957,4.953,5.006,5.006,0.049,-0.081,0.989,0.989,sustained
2026-09-16,19:00,Federal Funds Rate,event,10,4.00%,,,,silver,64.65,64.335,63.875,63.42,-0.775,-0.487,-1.199,-1.903,sustained
2026-09-16,19:00,Federal Funds Rate,event,10,4.00%,,,,copper,6.5015,6.5005,6.4575,6.4415,-0.044,-0.015,-0.677,-0.923,sustained
2026-09-16,19:00,Federal Funds Rate,event,10,4.00%,,,,bitcoin,75785.0,75885.0,75971.0,75888.0,186.0,0.132,0.246,0.137,partial
2026-09-16,19:00,Federal Funds Rate,event,10,4.00%,,,,eurusd,1.1518,1.1506,1.1482,1.1465,-0.0036,-0.104,-0.31,-0.459,sustained
2026-09-16,19:00,Federal Funds Rate,event,10,4.00%,,,,usdjpy,155.252,155.485,155.82,156.191,0.568,0.15,0.366,0.605,sustained
2026-09-16,19:00,Federal Funds Rate,event,10,4.00%,,,,vix,16.68,16.73,17.44,17.71,0.76,0.3,4.556,6.175,sustained
2026-09-16,19:00,FOMC Economic Projections,event,10,,,,,gold,4366.5,4360.3,4313.3,4302.5,-53.2,-0.142,-1.218,-1.466,sustained
2026-09-16,19:00,FOMC Economic Projections,event,10,,,,,sp500,7613.3,7611.68,7558.83,7551.81,-54.47,-0.021,-0.715,-0.808,sustained
2026-09-16,19:00,FOMC Economic Projections,event,10,,,,,nasdaq,29198.69,29161.38,28969.1,28945.06,-229.59,-0.128,-0.786,-0.869,sustained
2026-09-16,19:00,FOMC Economic Projections,event,10,,,,,oil,102.29,102.16,102.53,102.02,0.24,-0.127,0.235,-0.264,faded
2026-09-16,19:00,FOMC Economic Projections,event,10,,,,,dollar,99.855,99.965,100.18,100.325,0.325,0.11,0.325,0.471,sustained
2026-09-16,19:00,FOMC Economic Projections,event,10,,,,,us10y,4.957,4.953,5.006,5.006,0.049,-0.081,0.989,0.989,sustained
2026-09-16,19:00,FOMC Economic Projections,event,10,,,,,silver,64.65,64.335,63.875,63.42,-0.775,-0.487,-1.199,-1.903,sustained
2026-09-16,19:00,FOMC Economic Projections,event,10,,,,,copper,6.5015,6.5005,6.4575,6.4415,-0.044,-0.015,-0.677,-0.923,sustained
2026-09-16,19:00,FOMC Economic Projections,event,10,,,,,bitcoin,75785.0,75885.0,75971.0,75888.0,186.0,0.132,0.246,0.137,partial
2026-09-16,19:00,FOMC Economic Projections,event,10,,,,,eurusd,1.1518,1.1506,1.1482,1.1465,-0.0036,-0.104,-0.31,-0.459,sustained
2026-09-16,19:00,FOMC Economic Projections,event,10,,,,,usdjpy,155.252,155.485,155.82,156.191,0.568,0.15,0.366,0.605,sustained
2026-09-16,19:00,FOMC Economic Projections,event,10,,,,,vix,16.68,16.73,17.44,17.71,0.76,0.3,4.556,6.175,sustained
2026-09-16,19:00,FOMC Statement,event,10,,,,,gold,4366.5,4360.3,4313.3,4302.5,-53.2,-0.142,-1.218,-1.466,sustained
2026-09-16,19:00,FOMC Statement,event,10,,,,,sp500,7613.3,7611.68,7558.83,7551.81,-54.47,-0.021,-0.715,-0.808,sustained
2026-09-16,19:00,FOMC Statement,event,10,,,,,nasdaq,29198.69,29161.38,28969.1,28945.06,-229.59,-0.128,-0.786,-0.869,sustained
2026-09-16,19:00,FOMC Statement,event,10,,,,,oil,102.29,102.16,102.53,102.02,0.24,-0.127,0.235,-0.264,faded
2026-09-16,19:00,FOMC Statement,event,10,,,,,dollar,99.855,99.965,100.18,100.325,0.325,0.11,0.325,0.471,sustained
2026-09-16,19:00,FOMC Statement,event,10,,,,,us10y,4.957,4.953,5.006,5.006,0.049,-0.081,0.989,0.989,sustained
2026-09-16,19:00,FOMC Statement,event,10,,,,,silver,64.65,64.335,63.875,63.42,-0.775,-0.487,-1.199,-1.903,sustained
2026-09-16,19:00,FOMC Statement,event,10,,,,,copper,6.5015,6.5005,6.4575,6.4415,-0.044,-0.015,-0.677,-0.923,sustained
2026-09-16,19:00,FOMC Statement,event,10,,,,,bitcoin,75785.0,75885.0,75971.0,75888.0,186.0,0.132,0.246,0.137,partial
2026-09-16,19:00,FOMC Statement,event,10,,,,,eurusd,1.1518,1.1506,1.1482,1.1465,-0.0036,-0.104,-0.31,-0.459,sustained
2026-09-16,19:00,FOMC Statement,event,10,,,,,usdjpy,155.252,155.485,155.82,156.191,0.568,0.15,0.366,0.605,sustained
2026-09-16,19:00,FOMC Statement,event,10,,,,,vix,16.68,16.73,17.44,17.71,0.76,0.3,4.556,6.175,sustained
2026-09-16,19:30,FOMC Press Conference,event,10,,,,,gold,4325.4,4334.2,4302.6,4302.5,-22.8,0.203,-0.527,-0.529,sustained
2026-09-16,19:30,FOMC Press Conference,event,10,,,,,sp500,7589.07,7587.77,7536.82,7551.81,-52.25,-0.017,-0.688,-0.491,sustained
2026-09-16,19:30,FOMC Press Conference,event,10,,,,,nasdaq,29069.06,29078.36,28889.9,28945.06,-179.16,0.032,-0.616,-0.427,sustained
2026-09-16,19:30,FOMC Press Conference,event,10,,,,,oil,102.73,102.28,102.17,102.02,-0.56,-0.438,-0.545,-0.691,sustained
2026-09-16,19:30,FOMC Press Conference,event,10,,,,,dollar,100.154,100.123,100.258,100.325,0.104,-0.031,0.104,0.171,sustained
2026-09-16,19:30,FOMC Press Conference,event,10,,,,,us10y,4.979,4.975,,5.006,,-0.08,,0.542,
2026-09-16,19:30,FOMC Press Conference,event,10,,,,,silver,63.82,64.41,63.34,63.42,-0.48,0.924,-0.752,-0.627,sustained
2026-09-16,19:30,FOMC Press Conference,event,10,,,,,copper,6.4635,6.4695,6.44,6.4415,-0.0235,0.093,-0.364,-0.34,sustained
2026-09-16,19:30,FOMC Press Conference,event,10,,,,,bitcoin,75556.0,75863.0,75705.0,75888.0,148.0,0.406,0.196,0.439,sustained
2026-09-16,19:30,FOMC Press Conference,event,10,,,,,eurusd,1.1485,1.1488,1.1474,1.1465,-0.0011,0.023,-0.092,-0.172,sustained
2026-09-16,19:30,FOMC Press Conference,event,10,,,,,usdjpy,155.814,155.677,156.111,156.191,0.297,-0.088,0.191,0.242,sustained
2026-09-16,19:30,FOMC Press Conference,event,10,,,,,vix,17.2,16.97,18.01,17.71,0.81,-1.337,4.709,2.965,sustained
2026-09-17,13:30,Unemployment Claims,event,4,207K,,,,gold,4410.8,4406.9,4412.5,4380.6,1.7,-0.088,0.039,-0.685,
2026-09-17,13:30,Unemployment Claims,event,4,207K,,,,oil,99.25,99.9,100.52,101.09,1.27,0.655,1.28,1.854,sustained
2026-09-17,13:30,Unemployment Claims,event,4,207K,,,,dollar,100.056,100.125,100.115,100.229,0.059,0.069,0.059,0.173,sustained
2026-09-17,13:30,Unemployment Claims,event,4,207K,,,,us10y,4.951,4.963,4.951,4.947,0.0,0.242,0.0,-0.081,
2026-09-17,13:30,Unemployment Claims,event,4,207K,,,,silver,65.895,65.825,66.05,65.715,0.155,-0.106,0.235,-0.273,faded
2026-09-17,13:30,Unemployment Claims,event,4,207K,,,,copper,6.6175,6.6125,6.638,6.614,0.0205,-0.076,0.31,-0.053,faded
2026-09-17,13:30,Unemployment Claims,event,4,207K,,,,bitcoin,76964.0,76711.0,76294.0,76515.0,-671.0,-0.329,-0.872,-0.584,sustained
2026-09-17,13:30,Unemployment Claims,event,4,207K,,,,eurusd,1.1494,1.1489,1.1492,1.148,-0.0003,-0.046,-0.023,-0.126,
2026-09-17,13:30,Unemployment Claims,event,4,207K,,,,usdjpy,155.473,155.639,155.712,155.948,0.239,0.107,0.154,0.306,sustained
2026-09-17,13:30,Unemployment Claims,event,4,207K,,,,vix,15.45,15.49,15.62,15.44,0.17,0.259,1.1,-0.065,faded
2026-09-23,14:45,Flash Manufacturing PMI,event,4,53.6,,,,gold,4321.2,4326.8,4322.1,4322.7,0.9,0.13,0.021,0.035,
2026-09-23,14:45,Flash Manufacturing PMI,event,4,53.6,,,,sp500,7742.19,7734.92,7721.68,7706.03,-20.51,-0.094,-0.265,-0.467,sustained
2026-09-23,14:45,Flash Manufacturing PMI,event,4,53.6,,,,nasdaq,30583.11,30541.01,30438.65,30470.29,-144.46,-0.138,-0.472,-0.369,sustained
2026-09-23,14:45,Flash Manufacturing PMI,event,4,53.6,,,,oil,91.99,91.83,92.04,92.71,0.05,-0.174,0.054,0.783,sustained
2026-09-23,14:45,Flash Manufacturing PMI,event,4,53.6,,,,dollar,101.026,101.006,101.067,101.12,0.041,-0.02,0.041,0.093,
2026-09-23,14:45,Flash Manufacturing PMI,event,4,53.6,,,,us10y,5.029,5.037,5.066,5.114,0.037,0.159,0.736,1.69,sustained
2026-09-23,14:45,Flash Manufacturing PMI,event,4,53.6,,,,silver,64.995,65.21,65.055,64.93,0.06,0.331,0.092,-0.1,faded
2026-09-23,14:45,Flash Manufacturing PMI,event,4,53.6,,,,copper,6.768,6.771,6.754,6.7915,-0.014,0.044,-0.207,0.347,faded
2026-09-23,14:45,Flash Manufacturing PMI,event,4,53.6,,,,bitcoin,85670.0,85744.0,84312.0,84477.0,-1358.0,0.086,-1.585,-1.392,sustained
2026-09-23,14:45,Flash Manufacturing PMI,event,4,53.6,,,,eurusd,1.1403,1.1401,1.1393,1.1388,-0.0009,-0.011,-0.08,-0.125,sustained
2026-09-23,14:45,Flash Manufacturing PMI,event,4,53.6,,,,usdjpy,158.149,158.174,158.285,158.278,0.136,0.016,0.086,0.082,sustained
2026-09-23,14:45,Flash Manufacturing PMI,event,4,53.6,,,,vix,14.31,14.52,14.67,15.18,0.36,1.468,2.516,6.08,sustained
2026-09-23,14:45,Flash Services PMI,event,4,55.8,,,,gold,4321.2,4326.8,4322.1,4322.7,0.9,0.13,0.021,0.035,
2026-09-23,14:45,Flash Services PMI,event,4,55.8,,,,sp500,7742.19,7734.92,7721.68,7706.03,-20.51,-0.094,-0.265,-0.467,sustained
2026-09-23,14:45,Flash Services PMI,event,4,55.8,,,,nasdaq,30583.11,30541.01,30438.65,30470.29,-144.46,-0.138,-0.472,-0.369,sustained
2026-09-23,14:45,Flash Services PMI,event,4,55.8,,,,oil,91.99,91.83,92.04,92.71,0.05,-0.174,0.054,0.783,sustained
2026-09-23,14:45,Flash Services PMI,event,4,55.8,,,,dollar,101.026,101.006,101.067,101.12,0.041,-0.02,0.041,0.093,
2026-09-23,14:45,Flash Services PMI,event,4,55.8,,,,us10y,5.029,5.037,5.066,5.114,0.037,0.159,0.736,1.69,sustained
2026-09-23,14:45,Flash Services PMI,event,4,55.8,,,,silver,64.995,65.21,65.055,64.93,0.06,0.331,0.092,-0.1,faded
2026-09-23,14:45,Flash Services PMI,event,4,55.8,,,,copper,6.768,6.771,6.754,6.7915,-0.014,0.044,-0.207,0.347,faded
2026-09-23,14:45,Flash Services PMI,event,4,55.8,,,,bitcoin,85670.0,85744.0,84312.0,84477.0,-1358.0,0.086,-1.585,-1.392,sustained
2026-09-23,14:45,Flash Services PMI,event,4,55.8,,,,eurusd,1.1403,1.1401,1.1393,1.1388,-0.0009,-0.011,-0.08,-0.125,sustained
2026-09-23,14:45,Flash Services PMI,event,4,55.8,,,,usdjpy,158.149,158.174,158.285,158.278,0.136,0.016,0.086,0.082,sustained
2026-09-23,14:45,Flash Services PMI,event,4,55.8,,,,vix,14.31,14.52,14.67,15.18,0.36,1.468,2.516,6.08,sustained
